[{"pos_x": 193.83, "pos_y": -137.5825, "rotation": 180.0, "side": "top", "designator": "S7", "mpn": null, "pack": "MX", "value": "", "mount_type": "tht", "place": true}, {"pos_x": 268.33, "pos_y": -165.6175, "rotation": 90.0, "side": "top", "designator": "", "mpn": null, "pack": "PTS636_SP43_LFS", "value": "", "mount_type": "tht", "place": true}, {"pos_x": 231.83, "pos_y": -131.8675, "rotation": 180.0, "side": "top", "designator": "S14", "mpn": null, "pack": "MX", "value": "", "mount_type": "tht", "place": true}, {"pos_x": 205.33, "pos_y": -127.01, "rotation": -90.0, "side": "top", "designator": "", "mpn": null, "pack": "D_0805", "value": "", "mount_type": "smt", "place": true}, {"pos_x": 155.83, "pos_y": -122.3425, "rotation": 180.0, "side": "top", "designator": "S3", "mpn": null, "pack": "MX", "value": "", "mount_type": "tht", "place": true}, {"pos_x": 245.73, "pos_y": -133.8675, "rotation": 0.0, "side": "top", "designator": "", "mpn": null, "pack": "M2_Screw_fhole", "value": "", "mount_type": "tht", "place": false}, {"pos_x": 222.23, "pos_y": -119.5675, "rotation": 0.0, "side": "top", "designator": "", "mpn": null, "pack": "M2_Screw_fhole", "value": "", "mount_type": "tht", "place": false}, {"pos_x": 148.33, "pos_y": -158.4425, "rotation": -90.0, "side": "top", "designator": "", "mpn": null, "pack": "D_0805", "value": "", "mount_type": "smt", "place": true}, {"pos_x": 165.33, "pos_y": -157.4425, "rotation": 0.0, "side": "top", "designator": "", "mpn": null, "pack": "M2_Screw_fhole", "value": "", "mount_type": "tht", "place": false}, {"pos_x": 231.83, "pos_y": -112.8175, "rotation": 180.0, "side": "top", "designator": "S15", "mpn": null, "pack": "MX", "value": "", "mount_type": "tht", "place": true}, {"pos_x": 212.83, "pos_y": -109.96, "rotation": 180.0, "side": "top", "designator": "S12", "mpn": null, "pack": "MX", "value": "", "mount_type": "tht", "place": true}, {"pos_x": 155.83, "pos_y": -160.4425, "rotation": 180.0, "side": "top", "designator": "S1", "mpn": null, "pack": "MX", "value": "", "mount_type": "tht", "place": true}, {"pos_x": 155.83, "pos_y": -136.1425, "rotation": 0.0, "side": "top", "designator": "REF**", "mpn": null, "pack": "SK6812-MINI-E", "value": "SK6812-MINI-E", "mount_type": "tht", "place": true}, {"pos_x": 231.83, "pos_y": -126.6175, "rotation": 0.0, "side": "top", "designator": "REF**", "mpn": null, "pack": "SK6812-MINI-E", "value": "SK6812-MINI-E", "mount_type": "tht", "place": true}, {"pos_x": 240.175838, "pos_y": -175.361142, "rotation": -120.0, "side": "top", "designator": "", "mpn": null, "pack": "D_0805", "value": "", "mount_type": "smt", "place": true}, {"pos_x": 193.83, "pos_y": -132.3325, "rotation": 0.0, "side": "top", "designator": "REF**", "mpn": null, "pack": "SK6812-MINI-E", "value": "SK6812-MINI-E", "mount_type": "tht", "place": true}, {"pos_x": 186.33, "pos_y": -116.5325, "rotation": -90.0, "side": "top", "designator": "", "mpn": null, "pack": "D_0805", "value": "", "mount_type": "smt", "place": true}, {"pos_x": 203.305, "pos_y": -169.49125, "rotation": 180.0, "side": "top", "designator": "S16", "mpn": null, "pack": "MX", "value": "", "mount_type": "tht", "place": true}, {"pos_x": 148.33, "pos_y": -120.3425, "rotation": -90.0, "side": "top", "designator": "", "mpn": null, "pack": "D_0805", "value": "", "mount_type": "smt", "place": true}, {"pos_x": 212.83, "pos_y": -129.01, "rotation": 180.0, "side": "top", "designator": "S11", "mpn": null, "pack": "MX", "value": "", "mount_type": "tht", "place": true}, {"pos_x": 165.58, "pos_y": -115.7, "rotation": 0.0, "side": "top", "designator": "", "mpn": null, "pack": "M2_Screw_fhole", "value": "", "mount_type": "tht", "place": false}, {"pos_x": 235.863291, "pos_y": -175.180693, "rotation": -30.0, "side": "top", "designator": "", "mpn": null, "pack": "M2_Screw_fhole", "value": "", "mount_type": "tht", "place": false}, {"pos_x": 226.59407, "pos_y": -167.307314, "rotation": -15.0, "side": "top", "designator": "REF**", "mpn": null, "pack": "SK6812-MINI-E", "value": "SK6812-MINI-E", "mount_type": "tht", "place": true}, {"pos_x": 174.83, "pos_y": -125.2, "rotation": 180.0, "side": "top", "designator": "S5", "mpn": null, "pack": "MX", "value": "", "mount_type": "tht", "place": true}, {"pos_x": 231.83, "pos_y": -150.9175, "rotation": 180.0, "side": "top", "designator": "S13", "mpn": null, "pack": "MX", "value": "", "mount_type": "tht", "place": true}, {"pos_x": 193.83, "pos_y": -118.5325, "rotation": 180.0, "side": "top", "designator": "S8", "mpn": null, "pack": "MX", "value": "", "mount_type": "tht", "place": true}, {"pos_x": 193.83, "pos_y": -99.4825, "rotation": 180.0, "side": "top", "designator": "S9", "mpn": null, "pack": "MX", "value": "", "mount_type": "tht", "place": true}, {"pos_x": 212.83, "pos_y": -104.71, "rotation": 0.0, "side": "top", "designator": "REF**", "mpn": null, "pack": "SK6812-MINI-E", "value": "SK6812-MINI-E", "mount_type": "tht", "place": true}, {"pos_x": 268.33, "pos_y": -135.8675, "rotation": 180.0, "side": "top", "designator": "", "mpn": null, "pack": "GME12864-49_OLED", "value": "", "mount_type": "tht", "place": true}, {"pos_x": 167.33, "pos_y": -123.2, "rotation": -90.0, "side": "top", "designator": "", "mpn": null, "pack": "D_0805", "value": "", "mount_type": "smt", "place": true}, {"pos_x": 205.33, "pos_y": -146.06, "rotation": -90.0, "side": "top", "designator": "", "mpn": null, "pack": "D_0805", "value": "", "mount_type": "smt", "place": true}, {"pos_x": 186.33, "pos_y": -135.5825, "rotation": -90.0, "side": "top", "designator": "", "mpn": null, "pack": "D_0805", "value": "", "mount_type": "smt", "place": true}, {"pos_x": 263.658766, "pos_y": -146.780078, "rotation": 0.0, "side": "top", "designator": "G***", "mpn": null, "pack": "LOGO", "value": "LOGO", "mount_type": "tht", "place": false}, {"pos_x": 193.83, "pos_y": -94.2325, "rotation": 0.0, "side": "top", "designator": "REF**", "mpn": null, "pack": "SK6812-MINI-E", "value": "SK6812-MINI-E", "mount_type": "tht", "place": true}, {"pos_x": 225.23527, "pos_y": -172.378425, "rotation": 165.0, "side": "top", "designator": "S17", "mpn": null, "pack": "MX", "value": "", "mount_type": "tht", "place": true}, {"pos_x": 174.83, "pos_y": -139.0, "rotation": 0.0, "side": "top", "designator": "REF**", "mpn": null, "pack": "SK6812-MINI-E", "value": "SK6812-MINI-E", "mount_type": "tht", "place": true}, {"pos_x": 248.296029, "pos_y": -176.29656, "rotation": -30.0, "side": "top", "designator": "REF**", "mpn": null, "pack": "SK6812-MINI-E", "value": "SK6812-MINI-E", "mount_type": "tht", "place": true}, {"pos_x": 250.88, "pos_y": -115.3675, "rotation": -90.0, "side": "top", "designator": "MCU1", "mpn": null, "pack": "ProMicro", "value": "", "mount_type": "tht", "place": true}, {"pos_x": 195.805, "pos_y": -167.49125, "rotation": -90.0, "side": "top", "designator": "", "mpn": null, "pack": "D_0805", "value": "", "mount_type": "smt", "place": true}, {"pos_x": 266.58, "pos_y": -99.3675, "rotation": 0.0, "side": "top", "designator": "TRRS1", "mpn": null, "pack": "TRRS-PJ-320A-dual", "value": "TRRS-PJ-320A-dual", "mount_type": "tht", "place": true}, {"pos_x": 174.83, "pos_y": -119.95, "rotation": 0.0, "side": "top", "designator": "REF**", "mpn": null, "pack": "SK6812-MINI-E", "value": "SK6812-MINI-E", "mount_type": "tht", "place": true}, {"pos_x": 249.83, "pos_y": -156.9175, "rotation": 0.0, "side": "top", "designator": "", "mpn": null, "pack": "M2_Screw_fhole", "value": "", "mount_type": "tht", "place": false}, {"pos_x": 174.83, "pos_y": -100.9, "rotation": 0.0, "side": "top", "designator": "REF**", "mpn": null, "pack": "SK6812-MINI-E", "value": "SK6812-MINI-E", "mount_type": "tht", "place": true}, {"pos_x": 193.83, "pos_y": -113.2825, "rotation": 0.0, "side": "top", "designator": "REF**", "mpn": null, "pack": "SK6812-MINI-E", "value": "SK6812-MINI-E", "mount_type": "tht", "place": true}, {"pos_x": 231.83, "pos_y": -145.6675, "rotation": 0.0, "side": "top", "designator": "REF**", "mpn": null, "pack": "SK6812-MINI-E", "value": "SK6812-MINI-E", "mount_type": "tht", "place": true}, {"pos_x": 187.83, "pos_y": -147.5825, "rotation": 0.0, "side": "top", "designator": "", "mpn": null, "pack": "KLJ-1102_Piezo", "value": "", "mount_type": "smt", "place": true}, {"pos_x": 245.671029, "pos_y": -180.843193, "rotation": 150.0, "side": "top", "designator": "S18", "mpn": null, "pack": "MX", "value": "", "mount_type": "tht", "place": true}, {"pos_x": 167.33, "pos_y": -142.25, "rotation": -90.0, "side": "top", "designator": "", "mpn": null, "pack": "D_0805", "value": "", "mount_type": "smt", "place": true}, {"pos_x": 174.83, "pos_y": -106.15, "rotation": 180.0, "side": "top", "designator": "S6", "mpn": null, "pack": "MX", "value": "", "mount_type": "tht", "place": true}, {"pos_x": 186.33, "pos_y": -97.4825, "rotation": -90.0, "side": "top", "designator": "", "mpn": null, "pack": "D_0805", "value": "", "mount_type": "smt", "place": true}, {"pos_x": 266.225, "pos_y": -133.8675, "rotation": 0.0, "side": "top", "designator": "", "mpn": null, "pack": "M2_Screw_fhole", "value": "", "mount_type": "tht", "place": false}, {"pos_x": 218.508465, "pos_y": -168.50543, "rotation": -105.0, "side": "top", "designator": "", "mpn": null, "pack": "D_0805", "value": "", "mount_type": "smt", "place": true}, {"pos_x": 212.83, "pos_y": -142.81, "rotation": 0.0, "side": "top", "designator": "REF**", "mpn": null, "pack": "SK6812-MINI-E", "value": "SK6812-MINI-E", "mount_type": "tht", "place": true}, {"pos_x": 174.83, "pos_y": -144.25, "rotation": 180.0, "side": "top", "designator": "S4", "mpn": null, "pack": "MX", "value": "", "mount_type": "tht", "place": true}, {"pos_x": 260.858766, "pos_y": -154.035202, "rotation": 0.0, "side": "top", "designator": "G***", "mpn": null, "pack": "LOGO", "value": "LOGO", "mount_type": "tht", "place": false}, {"pos_x": 212.83, "pos_y": -148.06, "rotation": 180.0, "side": "top", "designator": "S10", "mpn": null, "pack": "MX", "value": "", "mount_type": "tht", "place": true}, {"pos_x": 231.83, "pos_y": -107.5675, "rotation": 0.0, "side": "top", "designator": "REF**", "mpn": null, "pack": "SK6812-MINI-E", "value": "SK6812-MINI-E", "mount_type": "tht", "place": true}, {"pos_x": 203.305, "pos_y": -164.24125, "rotation": 0.0, "side": "top", "designator": "REF**", "mpn": null, "pack": "SK6812-MINI-E", "value": "SK6812-MINI-E", "mount_type": "tht", "place": true}, {"pos_x": 155.83, "pos_y": -117.0925, "rotation": 0.0, "side": "top", "designator": "REF**", "mpn": null, "pack": "SK6812-MINI-E", "value": "SK6812-MINI-E", "mount_type": "tht", "place": true}, {"pos_x": 214.33, "pos_y": -170.06, "rotation": 0.0, "side": "top", "designator": "", "mpn": null, "pack": "M2_Screw_fhole", "value": "", "mount_type": "tht", "place": false}, {"pos_x": 224.33, "pos_y": -129.8675, "rotation": -90.0, "side": "top", "designator": "", "mpn": null, "pack": "D_0805", "value": "", "mount_type": "smt", "place": true}, {"pos_x": 263.83, "pos_y": -163.4175, "rotation": 0.0, "side": "top", "designator": "", "mpn": null, "pack": "M2_Screw_fhole", "value": "", "mount_type": "tht", "place": false}, {"pos_x": 155.83, "pos_y": -141.3925, "rotation": 180.0, "side": "top", "designator": "S2", "mpn": null, "pack": "MX", "value": "", "mount_type": "tht", "place": true}, {"pos_x": 205.33, "pos_y": -107.96, "rotation": -90.0, "side": "top", "designator": "", "mpn": null, "pack": "D_0805", "value": "", "mount_type": "smt", "place": true}, {"pos_x": 212.83, "pos_y": -123.76, "rotation": 0.0, "side": "top", "designator": "REF**", "mpn": null, "pack": "SK6812-MINI-E", "value": "SK6812-MINI-E", "mount_type": "tht", "place": true}, {"pos_x": 224.33, "pos_y": -148.9175, "rotation": -90.0, "side": "top", "designator": "", "mpn": null, "pack": "D_0805", "value": "", "mount_type": "smt", "place": true}, {"pos_x": 155.83, "pos_y": -155.1925, "rotation": 0.0, "side": "top", "designator": "REF**", "mpn": null, "pack": "SK6812-MINI-E", "value": "SK6812-MINI-E", "mount_type": "tht", "place": true}, {"pos_x": 167.33, "pos_y": -104.15, "rotation": -90.0, "side": "top", "designator": "", "mpn": null, "pack": "D_0805", "value": "", "mount_type": "smt", "place": true}, {"pos_x": 148.33, "pos_y": -139.3925, "rotation": -90.0, "side": "top", "designator": "", "mpn": null, "pack": "D_0805", "value": "", "mount_type": "smt", "place": true}, {"pos_x": 224.33, "pos_y": -110.8175, "rotation": -90.0, "side": "top", "designator": "", "mpn": null, "pack": "D_0805", "value": "", "mount_type": "smt", "place": true}, {"pos_x": 260.942502, "pos_y": -154.035202, "rotation": 180.0, "side": "bottom", "designator": "G***", "mpn": null, "pack": "LOGO", "value": "LOGO", "mount_type": "tht", "place": false}, {"pos_x": 258.142502, "pos_y": -146.780078, "rotation": 180.0, "side": "bottom", "designator": "G***", "mpn": null, "pack": "LOGO", "value": "LOGO", "mount_type": "tht", "place": false}]